path	sha256	lines	yaml	colors	typography	headings	fences_even	host_or_os_lines	command_lines	external_urls	result
plugins/moai-designer/skills/design-system-library/systems/coinbase.md	c8c67800dd7f58fcc87ed7d267a3bba862e3419e499e8a66d67731a69d2de1d6	570	parsed	22	16	39	true	0	0	0	structure_ok
plugins/moai-designer/skills/design-system-library/systems/composio.md	e7db886dabecca61f29b83e8f46d7a1e8a43889d30b81bc6e48162ccaafcbb2f	506	parsed	22	14	38	true	0	0	0	structure_ok
plugins/moai-designer/skills/design-system-library/systems/cursor.md	a3db9b3019dc2f514fdee7cd0ca0a5232c0bd0119e23178e8eebaf6916258d9d	537	parsed	22	14	40	true	1	0	0	structure_ok
plugins/moai-designer/skills/design-system-library/systems/discord.md	b4be872ea66e4c285aa3c1d9ba954335622913edda916fe035bbd9dfbc545ec9	546	parsed	13	10	30	true	0	0	0	structure_ok
plugins/moai-designer/skills/design-system-library/systems/elevenlabs.md	d16ae9d32c4544cbdc7465b6d1a48e91cdb25b491a5f892bdbc6b10224b7de0f	505	parsed	27	14	39	true	0	0	0	structure_ok
plugins/moai-designer/skills/design-system-library/systems/expo.md	1be7e129b6f75afaa12318a7c51ab22f6f74a214dec22c4827cecc519f112363	526	parsed	28	14	40	true	0	0	0	structure_ok
plugins/moai-designer/skills/design-system-library/systems/ferrari.md	1199e2832641cac7e384aaf3b1f3db87f992240cea5d3d1eee04d9dc00acb17c	531	parsed	26	13	38	true	0	0	0	structure_ok
plugins/moai-designer/skills/design-system-library/systems/figma.md	1181f462d6dffe3994c7beded526a351c1903595da74ad1b915883ef10cbe31c	578	parsed	20	12	40	true	0	1	0	structure_ok
plugins/moai-designer/skills/design-system-library/systems/framer.md	290b827d00197ab648b86e3fb37a85b87555deb4d2751afbd38fc188d32e5b8d	544	parsed	17	12	40	true	0	1	0	structure_ok
plugins/moai-designer/skills/design-system-library/systems/hashicorp.md	792494232e97dc5b357cca904fc3027c3b0d32cab288b64ab815e46234ba67ea	575	parsed	30	12	40	true	0	1	0	structure_ok
plugins/moai-designer/skills/design-system-library/systems/ibm.md	b9d266e810bf839886a81490c49c08d04ccbfda5122941452e01482d6edf1dc4	550	parsed	21	13	37	true	0	1	0	structure_ok
plugins/moai-designer/skills/design-system-library/systems/intercom.md	f2de6570e59d7601fa6c0a4c5f96d3c3437169d63140a904774b33305ba42dd4	546	parsed	25	13	38	true	0	1	0	structure_ok
plugins/moai-designer/skills/design-system-library/systems/mastercard.md	2a21a200c7af16fad89493d72902c45fce70a6a83330eccb03a4823802f8eb39	382	parsed	10	0	43	true	0	0	0	structure_ok
plugins/moai-designer/skills/design-system-library/systems/meta.md	faea7ca7c210da9b9723b5eda0f2808d898a6fb07406b70bbfc337c9c961e923	683	parsed	27	15	36	true	0	1	0	structure_ok
plugins/moai-designer/skills/design-system-library/systems/minimax.md	fe678f7c971a6552ab8cf4d673b487dff79238e67743ace322c75512d59dd604	746	parsed	28	15	39	true	0	1	0	structure_ok
plugins/moai-designer/skills/design-system-library/systems/mintlify.md	f397ed341cfa650b2dde4eb14c3384558a324a85cb3c25b08753e4fe7305e3aa	852	parsed	32	20	40	true	0	1	0	structure_ok
plugins/moai-designer/skills/design-system-library/systems/miro.md	4a34f63d3faff1c962ec0679099cd342316e5249d96ce08b6a3b3c6de913bff8	825	parsed	40	18	39	true	0	1	0	structure_ok
plugins/moai-designer/skills/design-system-library/systems/mistral.ai.md	b4789ab40db074f9a2e3066af87b9e6aae4b18dc802e8dd30fbb589ed583dd91	773	parsed	36	19	40	true	0	1	0	structure_ok
plugins/moai-designer/skills/design-system-library/systems/mongodb.md	0319fdd94533b190a34a020f6d28bf94f74229fc67cba1803a6f590ee9d208c0	767	parsed	34	18	41	true	0	1	0	structure_ok
plugins/moai-designer/skills/design-system-library/systems/nike.md	d698944ec3093cf6a41f7919fce4c7bbee9274dcc82f0c538b3475d9827e9162	575	parsed	23	13	37	true	0	1	0	structure_ok
plugins/moai-designer/skills/design-system-library/systems/notion.md	6dd125ef080ed34f063fe8cd7b274359125aaab57bba4570b60423314951cd48	498	parsed	21	11	31	true	0	0	0	structure_ok
plugins/moai-designer/skills/design-system-library/systems/nvidia.md	feadb47268ce9d8bb2de9b715726d6be2190306c4214fe0e92839bcb706a5e97	640	parsed	28	18	41	true	0	1	0	structure_ok
plugins/moai-designer/skills/design-system-library/systems/ollama.md	d8182da16999f50f8d4804f8b69b5a6d1098b88f718e2540bbdbdb7b8bbad3a4	539	parsed	21	13	38	true	4	2	1	structure_ok
plugins/moai-designer/skills/design-system-library/systems/opencode.ai.md	f8e2197cea48b14d02e8334a8f91f05ba1be71bcf7f646aa5daa359e025f98c2	521	parsed	28	8	38	true	1	3	1	structure_ok
plugins/moai-designer/skills/design-system-library/systems/pinterest.md	9293e526a3b151d982005456b7bf5f00790e4be32b754ef8677ae0c7062ff1cc	597	parsed	31	14	39	true	0	1	0	structure_ok
plugins/moai-designer/skills/design-system-library/systems/playstation.md	097f8e5b2dcd461f01fdcecbdccf1c64cbb38b21b5f850bb46dd2fb2bba5e8d5	661	parsed	36	14	40	true	0	1	0	structure_ok
plugins/moai-designer/skills/design-system-library/systems/posthog.md	6a07a68462f7818860fff8782748e2c554e7fd51717a2a349a067342ed4d5e2b	690	parsed	29	20	40	true	0	1	0	structure_ok
plugins/moai-designer/skills/design-system-library/systems/raycast.md	77f51d1f26789e85123e9fa759185a04eeb10a3b57e7e86b796914df9ff7a4a0	668	parsed	31	15	40	true	2	1	0	structure_ok
plugins/moai-designer/skills/design-system-library/systems/renault.md	89dc0fe98d7d0028919df9f0c1cf5b01740ee16e8166c3c7009c58f5e1d73ece	589	parsed	25	15	37	true	0	1	0	structure_ok
plugins/moai-designer/skills/design-system-library/systems/replicate.md	60d7791609788e83163b573d13b43ddf6d14ee4a49439012fdbf88c6d9f8c6b3	616	parsed	26	17	36	true	0	1	0	structure_ok
plugins/moai-designer/skills/design-system-library/systems/resend.md	0ae40a78b4af70fb0d2253924517f54aa41a90f4fe9195b8115c80511bfe6e0e	585	parsed	28	14	36	true	0	1	0	structure_ok
plugins/moai-designer/skills/design-system-library/systems/revolut.md	9d8d32971a2fbcc243532b09592a53b8da45beefe98bad30c77f232f41386296	636	parsed	35	16	36	true	0	1	0	structure_ok
plugins/moai-designer/skills/design-system-library/systems/runwayml.md	a71494d0514879162031647390e6f49e9c8446e1fbe2e14b0558808381cbefeb	517	parsed	17	13	36	true	0	1	0	structure_ok
plugins/moai-designer/skills/design-system-library/systems/sentry.md	85fc531e3431629bdedde2cf67b3b805b426702bad1042a35025cfc2fbe4e0e2	551	parsed	21	16	36	true	0	1	0	structure_ok
plugins/moai-designer/skills/design-system-library/systems/shopify.md	97161c4c1ca4d0a12cacd26151d687ecb1fa163d2c944f0f8a5415ac96f3cbc8	516	parsed	22	15	36	true	0	1	0	structure_ok
plugins/moai-designer/skills/design-system-library/systems/slack.md	d0f619af4c8474dcccc05d74e9de090e6cf614ff9704a9b99c9a1b32a93400ef	482	parsed	19	15	36	true	0	1	0	structure_ok
plugins/moai-designer/skills/design-system-library/systems/spacex.md	fbcbea8d981630dc94fddf9a8c351c1676ce80baf9bb840af8995cd5fb50363e	364	parsed	13	8	35	true	0	1	0	structure_ok
plugins/moai-designer/skills/design-system-library/systems/starbucks.md	20c12fb11e9164c90dd25e3999d4a95a92685e53499eb1fb7c8e8f0eb522eb0b	597	parsed	10	0	45	true	0	1	0	structure_ok
plugins/moai-designer/skills/design-system-library/systems/superhuman.md	6c36b2f46964d7928afb1d9985d4affacc445b508c0ef813a16196cc2c6c9e6d	448	parsed	15	12	35	true	0	1	0	structure_ok
plugins/moai-designer/skills/design-system-library/systems/theverge.md	cb30b72748cf381533af761e5ad5f41ced35275ce42cdd5c58c96084b1f1aa82	356	parsed	10	0	40	true	0	0	0	structure_ok
plugins/moai-designer/skills/design-system-library/systems/together.ai.md	2a0324f6f4b97c80dff6d0a695b4e7ee66bc0e7c7e094ae4cf1ec400b910d484	633	parsed	13	14	32	true	0	0	0	structure_ok
plugins/moai-designer/skills/design-system-library/systems/uber.md	1a281c78ce1f1744dd763ecc7ca0b7ded0c2ccacec56733d47136fd6389b5bca	636	parsed	13	13	32	true	0	0	0	structure_ok
plugins/moai-designer/skills/design-system-library/systems/vodafone.md	afdb0377cc056ed47e52f0a51afa9fdecdc95726e8079f8575a8b09bfeb6b767	538	parsed	8	17	31	true	0	0	0	structure_ok
plugins/moai-designer/skills/design-system-library/systems/wise.md	82d29f1626184a6470b3f8bfa70649c051ca35650fe5d26e9a7feaa667ea11b2	544	parsed	22	14	29	true	0	0	0	structure_ok
plugins/moai-designer/skills/design-system-library/systems/x.ai.md	437c9b83cf1b90702b31e94d7fd5b08e86173ed6b56039bf630ff693f3076698	465	parsed	18	11	28	true	0	0	0	structure_ok
plugins/moai-designer/skills/design-system-library/systems/zapier.md	cbb543a434f2f877ebc765f8b18b309e377121407b5cfe7cef8f6086db62df60	537	parsed	10	16	28	true	0	0	0	structure_ok
